/*
SQLyog Professional v12.09 (64 bit)
MySQL - 10.1.19-MariaDB : Database - pls
*********************************************************************
*/

/*!40101 SET NAMES utf8 */;

/*!40101 SET SQL_MODE=''*/;

/*!40014 SET @OLD_UNIQUE_CHECKS=@@UNIQUE_CHECKS, UNIQUE_CHECKS=0 */;
/*!40014 SET @OLD_FOREIGN_KEY_CHECKS=@@FOREIGN_KEY_CHECKS, FOREIGN_KEY_CHECKS=0 */;
/*!40101 SET @OLD_SQL_MODE=@@SQL_MODE, SQL_MODE='NO_AUTO_VALUE_ON_ZERO' */;
/*!40111 SET @OLD_SQL_NOTES=@@SQL_NOTES, SQL_NOTES=0 */;
CREATE DATABASE /*!32312 IF NOT EXISTS*/`pls` /*!40100 DEFAULT CHARACTER SET utf8 */;

USE `pls`;

/*Table structure for table `doc_asn_details` */

DROP TABLE IF EXISTS `doc_asn_details`;

CREATE TABLE `doc_asn_details` (
  `asnno` varchar(20) NOT NULL,
  `asnlineno` int(11) NOT NULL,
  `customerid` varchar(30) NOT NULL,
  `sku` varchar(50) NOT NULL,
  `skudescrc` varchar(200) DEFAULT NULL,
  `skudescre` varchar(200) DEFAULT NULL,
  `pono` varchar(20) DEFAULT NULL,
  `linestatus` varchar(2) NOT NULL,
  `receivedtime` date DEFAULT NULL,
  `expectedqty` decimal(18,8) DEFAULT NULL,
  `expectedqty_each` decimal(18,8) DEFAULT NULL,
  `rejectedqty` decimal(18,8) DEFAULT NULL,
  `rejectedqty_each` decimal(18,8) DEFAULT NULL,
  `receivedqty` decimal(18,8) DEFAULT NULL,
  `receivedqty_each` decimal(18,8) DEFAULT NULL,
  `uom` varchar(10) NOT NULL,
  `packid` varchar(40) NOT NULL,
  `holdrejectcode` varchar(2) DEFAULT NULL,
  `holdrejectreason` varchar(60) DEFAULT NULL,
  `containerid` varchar(30) DEFAULT NULL,
  `receivinglocation` varchar(20) DEFAULT NULL,
  `lotatt01` varchar(20) DEFAULT NULL,
  `lotatt02` varchar(20) DEFAULT NULL,
  `lotatt03` varchar(20) DEFAULT NULL,
  `lotatt04` varchar(100) DEFAULT NULL,
  `lotatt05` varchar(100) DEFAULT NULL,
  `lotatt06` varchar(100) DEFAULT NULL,
  `lotatt07` varchar(100) DEFAULT NULL,
  `lotatt08` varchar(100) DEFAULT NULL,
  `lotatt09` varchar(100) DEFAULT NULL,
  `lotatt10` varchar(100) DEFAULT NULL,
  `lotatt11` varchar(100) DEFAULT NULL,
  `lotatt12` varchar(100) DEFAULT NULL,
  `productstatus` varchar(2) DEFAULT NULL,
  `productstatus_descr` varchar(60) DEFAULT NULL,
  `totalcubic` decimal(18,8) NOT NULL,
  `totalgrossweight` decimal(18,8) NOT NULL,
  `totalnetweight` decimal(18,8) NOT NULL,
  `totalprice` decimal(18,4) NOT NULL,
  `userdefine1` varchar(200) DEFAULT NULL,
  `userdefine2` varchar(200) DEFAULT NULL,
  `userdefine3` varchar(200) DEFAULT NULL,
  `userdefine4` varchar(200) DEFAULT NULL,
  `userdefine5` varchar(200) DEFAULT NULL,
  `notes` varchar(4000) DEFAULT NULL,
  `addtime` date NOT NULL,
  `addwho` varchar(35) DEFAULT NULL,
  `edittime` date NOT NULL,
  `editwho` varchar(35) DEFAULT NULL,
  `createsource` varchar(35) DEFAULT NULL,
  `palletizeqty_each` decimal(18,8) DEFAULT NULL,
  `palletizemethod` varchar(8) DEFAULT NULL,
  `plantoloc` varchar(20) DEFAULT NULL,
  `polineno` int(11) DEFAULT NULL,
  `reserve_flag` varchar(1) NOT NULL DEFAULT 'N',
  `d_edi_01` varchar(200) DEFAULT NULL,
  `d_edi_02` varchar(200) DEFAULT NULL,
  `d_edi_03` varchar(200) DEFAULT NULL,
  `d_edi_04` varchar(200) DEFAULT NULL,
  `d_edi_05` varchar(200) DEFAULT NULL,
  `d_edi_06` varchar(200) DEFAULT NULL,
  `d_edi_07` varchar(200) DEFAULT NULL,
  `d_edi_08` varchar(200) DEFAULT NULL,
  `alternativesku` varchar(100) DEFAULT NULL,
  `alternativedescr_c` varchar(200) DEFAULT NULL,
  `printlabel` varchar(1) DEFAULT NULL,
  `damagedqty_each` decimal(18,8) DEFAULT NULL,
  `d_edi_09` decimal(18,8) DEFAULT NULL,
  `d_edi_10` decimal(18,8) DEFAULT NULL,
  `qcstatus` varchar(2) DEFAULT NULL,
  `d_edi_11` varchar(200) DEFAULT NULL,
  `d_edi_12` varchar(200) DEFAULT NULL,
  `d_edi_13` varchar(200) DEFAULT NULL,
  `d_edi_14` varchar(200) DEFAULT NULL,
  `d_edi_15` varchar(200) DEFAULT NULL,
  `d_edi_16` varchar(200) DEFAULT NULL,
  `d_edi_17` varchar(200) DEFAULT NULL,
  `d_edi_18` varchar(200) DEFAULT NULL,
  `d_edi_19` varchar(200) DEFAULT NULL,
  `d_edi_20` varchar(200) DEFAULT NULL,
  `userdefine6` varchar(200) DEFAULT NULL,
  `prereceivedqty_each` decimal(18,8) DEFAULT '0.00000000',
  `overrcvpercentage` decimal(18,8) DEFAULT NULL,
  `referencelineno` int(11) DEFAULT NULL,
  `asnlinefilter` varchar(100) DEFAULT NULL,
  `operator` varchar(35) DEFAULT NULL
) ENGINE=InnoDB DEFAULT CHARSET=utf8;

/*Data for the table `doc_asn_details` */

/*Table structure for table `doc_asn_header` */

DROP TABLE IF EXISTS `doc_asn_header`;

CREATE TABLE `doc_asn_header` (
  `asnno` varchar(20) NOT NULL,
  `asncreationtime` date NOT NULL,
  `carrierid` varchar(30) DEFAULT NULL,
  `asnreference1` varchar(50) DEFAULT NULL,
  `carriername` varchar(200) DEFAULT NULL,
  `expectedarrivetime1` date DEFAULT NULL,
  `expectedarrivetime2` date DEFAULT NULL,
  `carrieraddress1` varchar(200) DEFAULT NULL,
  `carrieraddress3` varchar(100) DEFAULT NULL,
  `asnreference3` varchar(50) DEFAULT NULL,
  `carrieraddress2` varchar(100) DEFAULT NULL,
  `carrieraddress4` varchar(100) DEFAULT NULL,
  `door` varchar(50) DEFAULT NULL,
  `carriercity` varchar(50) DEFAULT NULL,
  `carrierprovince` varchar(50) DEFAULT NULL,
  `carrierzip` varchar(10) DEFAULT NULL,
  `asnreference4` varchar(50) DEFAULT NULL,
  `countryoforigin` varchar(2) DEFAULT NULL,
  `countryofdestination` varchar(2) DEFAULT NULL,
  `deliveryvehicleno` varchar(20) DEFAULT NULL,
  `carriercountry` varchar(20) DEFAULT NULL,
  `asnreference5` varchar(50) DEFAULT NULL,
  `placeofloading` varchar(60) DEFAULT NULL,
  `placeofdischarge` varchar(60) DEFAULT NULL,
  `placeofdelivery` varchar(60) DEFAULT NULL,
  `paymentterms` varchar(4) DEFAULT NULL,
  `paymenttermsdescr` varchar(100) DEFAULT NULL,
  `userdefine5` varchar(200) DEFAULT NULL,
  `asnstatus` varchar(2) NOT NULL,
  `userdefine1` varchar(200) DEFAULT NULL,
  `userdefine2` varchar(200) DEFAULT NULL,
  `userdefine3` varchar(200) DEFAULT NULL,
  `userdefine4` varchar(200) DEFAULT NULL,
  `asntype` varchar(20) DEFAULT NULL,
  `asnreference2` varchar(50) DEFAULT NULL,
  `addtime` date NOT NULL,
  `pono` varchar(20) DEFAULT NULL,
  `addwho` varchar(35) DEFAULT NULL,
  `edittime` date NOT NULL,
  `editwho` varchar(35) DEFAULT NULL,
  `deliveryterms` varchar(10) DEFAULT NULL,
  `notes` varchar(500) DEFAULT NULL,
  `deliverytermsdescr` varchar(100) DEFAULT NULL,
  `customerid` varchar(30) NOT NULL,
  `createsource` varchar(35) DEFAULT NULL,
  `bytrace_flag` varchar(1) DEFAULT 'N',
  `supplierid` varchar(30) DEFAULT NULL,
  `reserve_flag` varchar(1) NOT NULL DEFAULT 'N',
  `edisendtime` date DEFAULT NULL,
  `receiveid` float DEFAULT NULL,
  `supplier_name` varchar(200) DEFAULT NULL,
  `supplier_address1` varchar(200) DEFAULT NULL,
  `supplier_address2` varchar(100) DEFAULT NULL,
  `supplier_address3` varchar(100) DEFAULT NULL,
  `supplier_address4` varchar(100) DEFAULT NULL,
  `supplier_city` varchar(50) DEFAULT NULL,
  `supplier_province` varchar(50) DEFAULT NULL,
  `supplier_zip` varchar(10) DEFAULT NULL,
  `supplier_country` varchar(2) DEFAULT NULL,
  `supplier_tel1` varchar(50) DEFAULT NULL,
  `supplier_fax` varchar(50) DEFAULT NULL,
  `supplier_tel2` varchar(40) DEFAULT NULL,
  `issuepartyid` varchar(30) DEFAULT NULL,
  `issuepartyname` varchar(200) DEFAULT NULL,
  `i_address1` varchar(200) DEFAULT NULL,
  `i_address2` varchar(100) DEFAULT NULL,
  `i_address3` varchar(100) DEFAULT NULL,
  `i_address4` varchar(100) DEFAULT NULL,
  `i_city` varchar(50) DEFAULT NULL,
  `i_province` varchar(50) DEFAULT NULL,
  `i_country` varchar(2) DEFAULT NULL,
  `i_zip` varchar(10) DEFAULT NULL,
  `deliveryvehicletype` varchar(10) DEFAULT NULL,
  `lastreceivingtime` date DEFAULT NULL,
  `edisendflag` char(1) NOT NULL DEFAULT 'N',
  `billingid` varchar(30) DEFAULT NULL,
  `billingname` varchar(200) DEFAULT NULL,
  `b_address1` varchar(200) DEFAULT NULL,
  `b_address2` varchar(100) DEFAULT NULL,
  `b_address3` varchar(100) DEFAULT NULL,
  `b_address4` varchar(100) DEFAULT NULL,
  `b_city` varchar(50) DEFAULT NULL,
  `b_province` varchar(50) DEFAULT NULL,
  `b_country` varchar(2) DEFAULT NULL,
  `b_zip` varchar(10) DEFAULT NULL,
  `billingclass_group` varchar(10) DEFAULT NULL,
  `driver` varchar(50) DEFAULT NULL,
  `carriercontact` varchar(200) DEFAULT NULL,
  `carriertel1` varchar(50) DEFAULT NULL,
  `supplier_contact` varchar(200) DEFAULT NULL,
  `supplier_mail` varchar(100) DEFAULT NULL,
  `carriertel2` varchar(40) DEFAULT NULL,
  `carrierfax` varchar(50) DEFAULT NULL,
  `carriermail` varchar(100) DEFAULT NULL,
  `edisendtime2` date DEFAULT NULL,
  `edisendtime3` date DEFAULT NULL,
  `edisendtime4` date DEFAULT NULL,
  `edisendtime5` date DEFAULT NULL,
  `b_contact` varchar(20) DEFAULT NULL,
  `b_mail` varchar(100) DEFAULT NULL,
  `b_fax` varchar(20) DEFAULT NULL,
  `b_tel1` varchar(40) DEFAULT NULL,
  `b_tel2` varchar(40) DEFAULT NULL,
  `i_contact` varchar(20) DEFAULT NULL,
  `i_mail` varchar(100) DEFAULT NULL,
  `i_fax` varchar(20) DEFAULT NULL,
  `i_tel1` varchar(40) DEFAULT NULL,
  `i_tel2` varchar(40) DEFAULT NULL,
  `h_edi_01` varchar(200) DEFAULT NULL,
  `h_edi_02` varchar(200) DEFAULT NULL,
  `h_edi_03` varchar(200) DEFAULT NULL,
  `h_edi_04` varchar(200) DEFAULT NULL,
  `h_edi_05` varchar(200) DEFAULT NULL,
  `h_edi_06` varchar(200) DEFAULT NULL,
  `h_edi_07` varchar(200) DEFAULT NULL,
  `h_edi_08` varchar(200) DEFAULT NULL,
  `h_edi_09` decimal(18,8) DEFAULT NULL,
  `h_edi_10` decimal(18,8) DEFAULT NULL,
  `userdefine6` varchar(200) DEFAULT NULL,
  `asn_print_flag` varchar(1) DEFAULT 'N',
  `qcstatus` varchar(2) DEFAULT NULL,
  `return_print_flag` char(1) DEFAULT 'N',
  `warehouseid` varchar(30) DEFAULT NULL,
  `priority` char(1) DEFAULT NULL,
  `zonegroup` varchar(10) DEFAULT NULL,
  `releasestatus` char(1) DEFAULT NULL,
  `packmaterialconsume` char(1) DEFAULT NULL,
  `medicalxmltime` date DEFAULT NULL,
  `serialnocatch` char(1) DEFAULT 'Y',
  `followup` varchar(20) DEFAULT NULL,
  `userdefinea` varchar(20) DEFAULT NULL,
  `userdefineb` varchar(20) DEFAULT NULL,
  `archiveflag` char(1) NOT NULL DEFAULT 'N',
  `actualarrivetime` date DEFAULT NULL
) ENGINE=InnoDB DEFAULT CHARSET=utf8;

/*Data for the table `doc_asn_header` */

/*Table structure for table `event` */

DROP TABLE IF EXISTS `event`;

CREATE TABLE `event` (
  `id` int(11) NOT NULL AUTO_INCREMENT,
  `description` varchar(500) DEFAULT NULL,
  `user_id` int(11) DEFAULT NULL,
  `create_time` datetime DEFAULT NULL,
  PRIMARY KEY (`id`)
) ENGINE=InnoDB AUTO_INCREMENT=19 DEFAULT CHARSET=utf8;

/*Data for the table `event` */

insert  into `event`(`id`,`description`,`user_id`,`create_time`) values (14,'æƒé™æŽ§åˆ¶',NULL,NULL),(15,'èœå•å’Œå¯¼èˆªæ è®¾è®¡',NULL,NULL),(16,'äº§å“ä»¥åŠbom',NULL,NULL),(17,'æ¡†æž¶',NULL,NULL),(18,'IDEA',NULL,NULL);

/*Table structure for table `event_detail` */

DROP TABLE IF EXISTS `event_detail`;

CREATE TABLE `event_detail` (
  `id` int(11) NOT NULL AUTO_INCREMENT,
  `description` varchar(255) DEFAULT NULL,
  `end_time` datetime DEFAULT NULL,
  `event_id` int(11) DEFAULT NULL,
  `start_time` datetime DEFAULT NULL,
  `user_id` int(11) DEFAULT NULL,
  PRIMARY KEY (`id`)
) ENGINE=InnoDB AUTO_INCREMENT=15 DEFAULT CHARSET=utf8;

/*Data for the table `event_detail` */

insert  into `event_detail`(`id`,`description`,`end_time`,`event_id`,`start_time`,`user_id`) values (1,'å¦‚ä½•éªŒè¯å¯†ç ',NULL,14,NULL,1),(2,'è§’è‰²çš„å¤šä¸ªå†…å®¹',NULL,14,NULL,1),(3,'åˆ†ç¦»æ¨¡å—ï¼Ÿ',NULL,14,NULL,1),(4,'åŠ¨æ€åŠ è½½èœå•',NULL,15,NULL,1),(5,'èœå•çš„ç®¡ç†',NULL,15,NULL,1),(6,'ç”¨æˆ·å’Œèœå•çš„å…³è”',NULL,15,NULL,1),(7,'äº§å“å­—å…¸è¡¨çš„è®¾è®¡',NULL,16,NULL,1),(8,'bomçš„åˆ†è§£',NULL,16,NULL,1),(9,'åˆ†é¡µçš„è®¾è®¡',NULL,17,NULL,1),(10,'UIç ”ç©¶',NULL,17,NULL,1),(11,'å¦‚ä½•ä¿å­˜å³å¯ç”¨ï¼Ÿ',NULL,18,NULL,1),(12,'è‡ªåŠ¨éƒ¨ç½²ç ”ç©¶',NULL,17,NULL,1),(13,'dockeræ–¹å¼éƒ¨ç½²',NULL,17,NULL,1),(14,'å¦‚ä½•å¤„ç†ç¼“å­˜',NULL,17,NULL,0);

/*Table structure for table `material` */

DROP TABLE IF EXISTS `material`;

CREATE TABLE `material` (
  `id` int(11) NOT NULL AUTO_INCREMENT,
  `name` varchar(200) DEFAULT NULL,
  `description` varchar(200) DEFAULT NULL,
  `specific` varchar(2000) DEFAULT NULL,
  `unit` varchar(50) DEFAULT NULL,
  `width` decimal(10,0) DEFAULT NULL,
  `height` decimal(10,0) DEFAULT NULL,
  `length` decimal(10,0) DEFAULT NULL,
  `weight` decimal(10,0) DEFAULT NULL,
  `note` varchar(1000) DEFAULT NULL,
  `sku` varchar(255) DEFAULT NULL,
  PRIMARY KEY (`id`)
) ENGINE=InnoDB AUTO_INCREMENT=24 DEFAULT CHARSET=utf8;

/*Data for the table `material` */

insert  into `material`(`id`,`name`,`description`,`specific`,`unit`,`width`,`height`,`length`,`weight`,`note`,`sku`) values (1,'test1','test 1 description',NULL,'ge','1','1','2','1','give me a note','101010'),(3,'name','desc','specfic','ge','2','3','1','0','this is note.','1002'),(4,'name','des','spec','ge','1','2','0','0','note','1003'),(5,'name','des','spec','ge','1','2','0','0','note','1004'),(6,'name','des','spec','ge','1','2','0','0','note','1005'),(7,'name','des','spec','ge','1','2','0','0','note','1005'),(8,'name','de',NULL,NULL,'1','0','2','0',NULL,'1006'),(9,'name','de',NULL,NULL,'1','0','2','0',NULL,'1007'),(10,'æµ‹è¯•','de',NULL,NULL,'1','0','2','0',NULL,'1008'),(11,'æµ‹è¯•2','de',NULL,NULL,'1','0','2','0',NULL,'1009'),(12,'æµ‹è¯•2','de',NULL,NULL,'1','0','2','0',NULL,'1010'),(13,'æµ‹è¯•2','de',NULL,NULL,'1','0','2','0',NULL,'1010'),(14,'åç§°','æè¿°','è§„æ ¼',NULL,'2','3','1','0',NULL,'1011'),(16,'åç§°','æè¿°','è§„æ ¼',NULL,'2','3','1','0',NULL,'1011'),(17,'åç§°','æè¿°','è§„æ ¼',NULL,'2','3','1','0',NULL,'1011'),(18,'åç§°','æè¿°','è§„æ ¼',NULL,'2','3','1','0',NULL,'1011'),(19,'åç§°','æè¿°','è§„æ ¼',NULL,'2','3','1','0',NULL,'1011'),(20,'åç§°','æè¿°','è§„æ ¼',NULL,'2','3','1','0',NULL,'1011'),(21,'åç§°','æè¿°','è§„æ ¼',NULL,'2','3','1','0',NULL,'1011'),(22,'åç§°','æè¿°','è§„æ ¼',NULL,'2','3','1','0',NULL,'1011'),(23,'åç§°','æè¿°','è§„æ ¼',NULL,'2','3','1','0',NULL,'1011');

/*Table structure for table `menu` */

DROP TABLE IF EXISTS `menu`;

CREATE TABLE `menu` (
  `id` int(11) NOT NULL AUTO_INCREMENT,
  `name` varchar(50) NOT NULL,
  `description` varchar(200) DEFAULT NULL,
  `url` varchar(200) DEFAULT NULL,
  `icon` varchar(30) DEFAULT NULL,
  `parent_id` int(11) DEFAULT NULL,
  `order` int(11) DEFAULT NULL,
  PRIMARY KEY (`id`),
  KEY `FKgeupubdqncc1lpgf2cn4fqwbc` (`parent_id`),
  CONSTRAINT `FKgeupubdqncc1lpgf2cn4fqwbc` FOREIGN KEY (`parent_id`) REFERENCES `menu` (`id`)
) ENGINE=InnoDB AUTO_INCREMENT=11 DEFAULT CHARSET=utf8;

/*Data for the table `menu` */

insert  into `menu`(`id`,`name`,`description`,`url`,`icon`,`parent_id`,`order`) values (1,'ç”Ÿäº§è®¡åˆ’',NULL,'/factory_plan',NULL,NULL,1),(2,'ç‰©æ–™éœ€æ±‚è®¡åˆ’',NULL,'/material_plan',NULL,NULL,2),(3,'é‡‡è´­è®¡åˆ’',NULL,'/order_plan',NULL,NULL,3),(4,'é‡‡è´­è®¢å•',NULL,'/order',NULL,NULL,4),(5,'å‘è´§',NULL,'/vendor_asn',NULL,NULL,5),(6,'æ”¶è´§',NULL,'/confirm_asn',NULL,NULL,6),(7,'åŸºç¡€ç®¡ç†',NULL,NULL,NULL,NULL,7),(8,'ç‰©æ–™SKUç®¡ç†',NULL,'/manage/sku',NULL,7,8),(9,'ä¾›åº”å•†ç®¡ç†',NULL,'/manage/vendor',NULL,7,9),(10,'ä»·æ ¼åè®®',NULL,'/manage/price',NULL,7,10);

/*Table structure for table `role` */

DROP TABLE IF EXISTS `role`;

CREATE TABLE `role` (
  `id` bigint(20) NOT NULL AUTO_INCREMENT,
  `name` varchar(200) DEFAULT NULL,
  PRIMARY KEY (`id`)
) ENGINE=InnoDB AUTO_INCREMENT=9 DEFAULT CHARSET=utf8;

/*Data for the table `role` */

insert  into `role`(`id`,`name`) values (6,'admin'),(7,'user'),(8,'vendor');

/*Table structure for table `spring_session` */

DROP TABLE IF EXISTS `spring_session`;

CREATE TABLE `spring_session` (
  `SESSION_ID` char(36) NOT NULL,
  `CREATION_TIME` bigint(20) NOT NULL,
  `LAST_ACCESS_TIME` bigint(20) NOT NULL,
  `MAX_INACTIVE_INTERVAL` int(11) NOT NULL,
  `PRINCIPAL_NAME` varchar(100) DEFAULT NULL,
  PRIMARY KEY (`SESSION_ID`),
  KEY `SPRING_SESSION_IX1` (`LAST_ACCESS_TIME`)
) ENGINE=InnoDB DEFAULT CHARSET=utf8;

/*Data for the table `spring_session` */

insert  into `spring_session`(`SESSION_ID`,`CREATION_TIME`,`LAST_ACCESS_TIME`,`MAX_INACTIVE_INTERVAL`,`PRINCIPAL_NAME`) values ('676c3318-2511-4a71-adf3-1a015290b076',1489733120236,1489734257497,1800,'admin');

/*Table structure for table `spring_session_attributes` */

DROP TABLE IF EXISTS `spring_session_attributes`;

CREATE TABLE `spring_session_attributes` (
  `SESSION_ID` char(36) NOT NULL,
  `ATTRIBUTE_NAME` varchar(200) NOT NULL,
  `ATTRIBUTE_BYTES` blob,
  PRIMARY KEY (`SESSION_ID`,`ATTRIBUTE_NAME`),
  KEY `SPRING_SESSION_ATTRIBUTES_IX1` (`SESSION_ID`),
  CONSTRAINT `SPRING_SESSION_ATTRIBUTES_FK` FOREIGN KEY (`SESSION_ID`) REFERENCES `spring_session` (`SESSION_ID`) ON DELETE CASCADE
) ENGINE=InnoDB DEFAULT CHARSET=utf8;

/*Data for the table `spring_session_attributes` */

insert  into `spring_session_attributes`(`SESSION_ID`,`ATTRIBUTE_NAME`,`ATTRIBUTE_BYTES`) values ('676c3318-2511-4a71-adf3-1a015290b076','org.springframework.security.web.csrf.HttpSessionCsrfTokenRepository.CSRF_TOKEN','¬í\0sr\06org.springframework.security.web.csrf.DefaultCsrfTokenZï·È/¢ûÕ\0L\0\nheaderNamet\0Ljava/lang/String;L\0\rparameterNameq\0~\0L\0tokenq\0~\0xpt\0X-CSRF-TOKENt\0_csrft\0$fbf030a9-5778-4077-a8c5-ed989c8eb76e'),('676c3318-2511-4a71-adf3-1a015290b076','SPRING_SECURITY_CONTEXT','¬í\0sr\0=org.springframework.security.core.context.SecurityContextImpl\0\0\0\0\0\0¤\0L\0authenticationt\02Lorg/springframework/security/core/Authentication;xpsr\0Oorg.springframework.security.authentication.UsernamePasswordAuthenticationToken\0\0\0\0\0\0¤\0L\0credentialst\0Ljava/lang/Object;L\0	principalq\0~\0xr\0Gorg.springframework.security.authentication.AbstractAuthenticationTokenÓª(~nGd\0Z\0\rauthenticatedL\0authoritiest\0Ljava/util/Collection;L\0detailsq\0~\0xpsr\0&java.util.Collections$UnmodifiableListü%1µìŽ\0L\0listt\0Ljava/util/List;xr\0,java.util.Collections$UnmodifiableCollectionB\0€Ë^÷\0L\0cq\0~\0xpsr\0java.util.ArrayListxÒ™Ça\0I\0sizexp\0\0\0\0w\0\0\0\0xq\0~\0\rsr\0Horg.springframework.security.web.authentication.WebAuthenticationDetails\0\0\0\0\0\0¤\0L\0\rremoteAddresst\0Ljava/lang/String;L\0	sessionIdq\0~\0xpt\00:0:0:0:0:0:0:1t\0$f10bc263-c6b6-42b5-8fa1-c17a54243678psr\0com.ruifu.model.security.User¡]¥|ÂÖú\0L\0idt\0Ljava/lang/Integer;L\0passwordq\0~\0L\0rolesq\0~\0	L\0usernameq\0~\0xpsr\0java.lang.Integerâ ¤÷‡8\0I\0valuexr\0java.lang.Number†¬•”à‹\0\0xp\0\0\0t\0adminsr\0/org.hibernate.collection.internal.PersistentBagFJd\\.Ä\0L\0bagq\0~\0	xr\0>org.hibernate.collection.internal.AbstractPersistentCollectionbt\0Ð_Us<\0\nZ\0allowLoadOutsideTransactionI\0\ncachedSizeZ\0dirtyZ\0initializedZ\0\risTempSessionL\0keyt\0Ljava/io/Serializable;L\0ownerq\0~\0L\0roleq\0~\0L\0sessionFactoryUuidq\0~\0L\0storedSnapshotq\0~\0xp\0ÿÿÿÿ\0\0q\0~\0q\0~\0t\0#com.ruifu.model.security.User.rolespsq\0~\0\0\0\0\0w\0\0\0\0xsq\0~\0\0\0\0\0w\0\0\0\0xt\0admin');

/*Table structure for table `user` */

DROP TABLE IF EXISTS `user`;

CREATE TABLE `user` (
  `id` int(11) NOT NULL AUTO_INCREMENT,
  `username` varchar(200) DEFAULT NULL,
  `password` varchar(50) DEFAULT NULL,
  PRIMARY KEY (`id`)
) ENGINE=InnoDB AUTO_INCREMENT=4 DEFAULT CHARSET=utf8;

/*Data for the table `user` */

insert  into `user`(`id`,`username`,`password`) values (1,'admin','admin'),(2,'user','user'),(3,'vendor','vendor');

/*Table structure for table `user_roles` */

DROP TABLE IF EXISTS `user_roles`;

CREATE TABLE `user_roles` (
  `user_id` int(11) NOT NULL,
  `roles_id` bigint(20) NOT NULL,
  KEY `FKj9553ass9uctjrmh0gkqsmv0d` (`roles_id`),
  KEY `FK55itppkw3i07do3h7qoclqd4k` (`user_id`),
  CONSTRAINT `FK55itppkw3i07do3h7qoclqd4k` FOREIGN KEY (`user_id`) REFERENCES `user` (`id`),
  CONSTRAINT `FKj9553ass9uctjrmh0gkqsmv0d` FOREIGN KEY (`roles_id`) REFERENCES `role` (`id`)
) ENGINE=InnoDB DEFAULT CHARSET=utf8;

/*Data for the table `user_roles` */

/*Table structure for table `vendor` */

DROP TABLE IF EXISTS `vendor`;

CREATE TABLE `vendor` (
  `id` bigint(20) NOT NULL AUTO_INCREMENT,
  `address1` varchar(255) DEFAULT NULL,
  `address2` varchar(255) DEFAULT NULL,
  `city` varchar(255) DEFAULT NULL,
  `contact_cellphone` varchar(255) DEFAULT NULL,
  `contact_firstname` varchar(255) DEFAULT NULL,
  `contact_lastname` varchar(255) DEFAULT NULL,
  `country` varchar(255) DEFAULT NULL,
  `fax` varchar(255) DEFAULT NULL,
  `name` varchar(255) DEFAULT NULL,
  `phone` varchar(255) DEFAULT NULL,
  `postal` varchar(255) DEFAULT NULL,
  `province` varchar(255) DEFAULT NULL,
  `website` varchar(255) DEFAULT NULL,
  PRIMARY KEY (`id`)
) ENGINE=InnoDB AUTO_INCREMENT=3 DEFAULT CHARSET=utf8;

/*Data for the table `vendor` */

insert  into `vendor`(`id`,`address1`,`address2`,`city`,`contact_cellphone`,`contact_firstname`,`contact_lastname`,`country`,`fax`,`name`,`phone`,`postal`,`province`,`website`) values (1,NULL,NULL,'ss',NULL,NULL,NULL,'ss','ss','aa','s',NULL,'s',NULL),(2,NULL,NULL,'é’å²›',NULL,NULL,NULL,'ä¸­å›½','343323','é’å²›æµ·ä¿¡åŒ…è£…ç®±å…¬å¸','33221123',NULL,'å±±ä¸œ',NULL);

/*!40101 SET SQL_MODE=@OLD_SQL_MODE */;
/*!40014 SET FOREIGN_KEY_CHECKS=@OLD_FOREIGN_KEY_CHECKS */;
/*!40014 SET UNIQUE_CHECKS=@OLD_UNIQUE_CHECKS */;
/*!40111 SET SQL_NOTES=@OLD_SQL_NOTES */;
